{
  "version": 1,
  "author": "Yopa Nelly",
  "editor": "wokwi",
  "parts": [
    { "type": "wokwi-arduino-uno", "id": "uno", "top": 39, "left": 383.4, "attrs": {} },
    { "type": "wokwi-ir-receiver", "id": "ir1", "top": -289.35, "left": 507.02, "attrs": {} },
    { "type": "wokwi-vcc", "id": "vcc1", "top": -316.04, "left": 604.8, "attrs": {} },
    {
      "type": "wokwi-resistor",
      "id": "r1",
      "top": -72.85,
      "left": 259.2,
      "attrs": { "value": "100" }
    },
    { "type": "wokwi-gnd", "id": "gnd1", "top": -19.2, "left": 28.2, "attrs": {} },
    {
      "type": "wokwi-led",
      "id": "led1",
      "top": -253.2,
      "left": 51.8,
      "attrs": { "color": "purple" }
    },
    { "type": "wokwi-ir-remote", "id": "remote1", "top": 38.4, "left": 153.6, "attrs": {} },
    { "type": "wokwi-gnd", "id": "gnd2", "top": -144, "left": 460.2, "attrs": {} },
    {
      "type": "wokwi-led",
      "id": "led2",
      "top": -253.2,
      "left": 109.4,
      "attrs": { "color": "blue" }
    },
    {
      "type": "wokwi-resistor",
      "id": "r2",
      "top": -178.45,
      "left": 288,
      "attrs": { "value": "100" }
    },
    {
      "type": "wokwi-resistor",
      "id": "r3",
      "top": -111.25,
      "left": 297.6,
      "attrs": { "value": "100" }
    },
    {
      "type": "wokwi-resistor",
      "id": "r4",
      "top": -149.65,
      "left": 288,
      "attrs": { "value": "100" }
    },
    {
      "type": "wokwi-led",
      "id": "led3",
      "top": -253.2,
      "left": 205.4,
      "attrs": { "color": "yellow" }
    },
    {
      "type": "wokwi-led",
      "id": "led4",
      "top": -253.2,
      "left": 157.4,
      "attrs": { "color": "red" }
    }
  ],
  "connections": [
    [ "ir1:VCC", "vcc1:VCC", "red", [ "v38.4", "h57.6" ] ],
    [ "ir1:GND", "gnd2:GND", "black", [ "v0" ] ],
    [ "ir1:DAT", "uno:2", "green", [ "v96", "h57.6" ] ],
    [ "r1:1", "led1:A", "limegreen", [ "h-163.2", "v-144" ] ],
    [ "led1:C", "gnd1:GND", "green", [ "v67.2", "h-57.2", "v105.6" ] ],
    [ "r1:2", "uno:4", "green", [ "v38.4", "h277.2", "v0", "v76.8" ] ],
    [ "led2:C", "gnd1:GND", "green", [ "v48", "h0.4", "v28.8", "h-96" ] ],
    [ "led4:C", "gnd1:GND", "green", [ "v0" ] ],
    [ "led3:C", "gnd1:GND", "green", [ "v134.4", "h-182", "v-9.6" ] ],
    [ "led2:A", "r3:1", "green", [ "v0" ] ],
    [ "led4:A", "r4:1", "green", [ "v0" ] ],
    [ "led3:A", "r2:1", "green", [ "v0" ] ],
    [ "r3:2", "uno:5", "green", [ "v57.6", "h210" ] ],
    [ "r4:2", "uno:6", "green", [ "v0", "h94.8", "v76.8", "h105.6" ] ],
    [ "r2:2", "uno:7", "green", [ "v0", "h85.2", "v172.8", "h134.4" ] ]
  ],
  "dependencies": {}
}